{
  "project_info": {
    "project_number": "1022886762877",
    "firebase_url": "https://createit-cb28d.firebaseio.com",
    "project_id": "createit-cb28d",
    "storage_bucket": "createit-cb28d.appspot.com"
  },
  "client": [
    {
      "client_info": {
        "mobilesdk_app_id": "1:1022886762877:android:407a6b2e6992356e",
        "android_client_info": {
          "package_name": "com.dhruvi.createit"
        }
      },
      "oauth_client": [
        {
          "client_id": "1022886762877-2em1n6ktd9no9fuhi1rn1mvi82dd9d26.apps.googleusercontent.com",
          "client_type": 3
        }
      ],
      "api_key": [
        {
          "current_key": "AIzaSyBwwLR6o2OoUWkOADJZ1oO-FfrlLTD3eh8"
        }
      ],
      "services": {
        "analytics_service": {
          "status": 1
        },
        "appinvite_service": {
          "status": 1,
          "other_platform_oauth_client": []
        },
        "ads_service": {
          "status": 2
        }
      }
    }
  ],
  "configuration_version": "1"
}